time_s,x_m,y_m,z_m,vx_m_s,vy_m_s,vz_m_s
0,2567636.465,5860630.49,2839058.514,-6125.173708,566.15425,4370.885084
10,2506086.272,5865610.805,2882436.469,-6155.019363,498.0315383,4337.795513
20,2444244.735,5869909.219,2925478.425,-6184.15366,429.8413701,4304.19564
30,2382282.893,5873513.744,2968065.251,-6196.18426,360.4525283,4258.682606
40,2320044.022,5876435.257,3010305.999,-6223.887087,292.1512632,4224.074811
50,2257535.322,5878673.319,3052195.694,-6250.870016,223.8062521,4188.969452
60,2194764.024,5880227.572,3093729.398,-6277.129748,155.4253117,4153.370418
70,2131737.393,5881097.735,3134902.215,-6302.663064,87.01626711,4117.281656
80,2068462.725,5881283.605,3175709.286,-6327.466824,18.58695022,4080.707167
90,2004947.346,5880785.057,3216145.796,-6351.537966,-49.8548007,4043.651011
100,1941198.61,5879602.045,3256206.969,-6374.873508,-118.301142,4006.117301
110,1877223.905,5877734.603,3295888.072,-6397.470551,-186.7442252,3968.110208
120,1813030.642,5875182.841,3335184.411,-6419.326273,-255.1761983,3929.633956
130,1748626.263,5871946.949,3374091.339,-6440.437936,-323.5892061,3890.692826
140,1684018.234,5868027.195,3412604.251,-6460.802881,-391.9753912,3851.29115
150,1619214.049,5863423.926,3450718.584,-6480.418533,-460.326895,3811.433317
160,1554221.225,5858137.567,3488429.822,-6499.282398,-528.6358581,3771.123769
170,1489047.304,5852168.623,3525733.492,-6517.392063,-596.8944218,3730.366998
180,1423699.852,5845517.676,3562625.167,-6534.745199,-665.0947282,3689.167553
190,1358186.456,5838185.387,3599100.468,-6551.339562,-733.2289213,3647.530032
200,1292514.727,5830172.495,3635155.058,-6567.172988,-801.2891483,3605.459086
210,1226692.293,5821479.82,3670784.653,-6582.2434,-869.2675594,3562.959417
220,1160726.805,5812108.256,3705985.01,-6596.548801,-937.1563098,3520.035778
230,1094625.932,5802058.781,3740751.94,-6610.087283,-1004.94756,3476.692972
240,1028397.362,5791332.446,3775081.299,-6622.857019,-1072.633475,3432.935854
250,962048.7989,5779930.384,3808968.992,-6634.856268,-1140.20623,3388.769325
260,895587.9651,5767853.804,3842410.975,-6646.083376,-1207.658005,3344.198338
270,829022.5974,5755103.994,3875403.254,-6656.536771,-1274.980989,3299.227893
280,762360.4477,5741682.32,3907941.885,-6666.214969,-1342.167383,3253.863039
290,695609.282,5727590.226,3940022.973,-6675.116572,-1409.209394,3208.108872
300,628776.8793,5712829.234,3971642.679,-6683.240268,-1476.099244,3161.970536
310,561871.031,5697400.942,4002797.211,-6690.584831,-1542.829166,3115.45322
320,494899.5398,5681307.028,4033482.832,-6697.149121,-1609.391403,3068.562162
330,427870.2189,5664549.246,4063695.859,-6702.932086,-1675.778215,3021.302641
340,360790.8913,5647129.427,4093432.659,-6707.932762,-1741.981876,2973.679987
350,293669.3886,5629049.48,4122689.654,-6712.150271,-1807.994674,2925.699569
360,226513.5504,5610311.391,4151463.322,-6715.583822,-1873.808913,2877.366805
370,159331.2233,5590917.222,4179750.194,-6718.232712,-1939.416916,2828.687153
380,92130.25998,5570869.112,4207546.855,-6720.096328,-2004.811022,2779.666115
390,24918.51855,5550169.276,4234849.948,-6721.174143,-2069.983588,2730.309237
400,-42296.13864,5528820.006,4261656.169,-6721.465719,-2134.926993,2680.622106
410,-109505.8457,5506823.67,4287962.272,-6720.970705,-2199.633635,2630.610349
420,-176702.7341,5484182.71,4313765.068,-6719.688841,-2264.095933,2580.279636
430,-243878.9337,5460899.647,4339061.425,-6717.619955,-2328.306328,2529.635676
440,-311026.5733,5436977.074,4363848.267,-6714.763962,-2392.257284,2478.68422
450,-378137.7819,5412417.661,4388122.578,-6711.120868,-2455.941289,2427.431055
460,-445204.6896,5387224.153,4411881.398,-6706.690768,-2519.350854,2375.882009
470,-512219.4281,5361399.368,4435121.827,-6701.473845,-2582.478519,2324.042947
480,-579174.1318,5334946.199,4457841.025,-6695.470373,-2645.316846,2271.919772
490,-646060.9389,5307867.615,4480036.209,-6688.680714,-2707.858426,2219.518424
500,-712871.9921,5280166.656,4501704.658,-6681.10532,-2770.095878,2166.844879
510,-779599.4395,5251846.438,4522843.71,-6672.744733,-2832.02185,2113.905149
520,-846235.4353,5222910.147,4543450.763,-6663.599585,-2893.629019,2060.705281
530,-912772.1413,5193361.046,4563523.276,-6653.670596,-2954.910091,2007.251356
540,-979201.7271,5163202.468,4583058.771,-6642.958579,-3015.857807,1953.549489
550,-1045516.371,5132437.819,4602054.829,-6631.464432,-3076.464935,1899.605831
560,-1111708.263,5101070.576,4620509.095,-6619.189148,-3136.724281,1845.426562
570,-1177769.601,5069104.289,4638419.274,-6606.133807,-3196.62868,1791.017895
580,-1243692.597,5036542.579,4655783.135,-6592.29958,-3256.171006,1736.386077
590,-1309469.474,5003389.138,4672598.508,-6577.687727,-3315.344165,1681.537382
600,-1375092.47,4969647.727,4688863.29,-6562.299599,-3374.1411,1626.478117
610,-1440553.836,4935322.179,4704575.436,-6546.136637,-3432.554793,1571.214617
620,-1505845.84,4900416.396,4719732.968,-6529.20037,-3490.578261,1515.753248
630,-1570960.764,4864934.351,4734333.972,-6511.492421,-3548.204562,1460.100401
640,-1635890.909,4828880.083,4748376.597,-6493.014499,-3605.426793,1404.262497
650,-1700628.593,4792257.702,4761859.057,-6473.768404,-3662.238089,1348.245983
660,-1765166.154,4755071.385,4774779.63,-6453.756027,-3718.63163,1292.057333
670,-1829495.947,4717325.379,4787136.661,-6432.979348,-3774.600635,1235.703046
680,-1893610.351,4679023.995,4798928.557,-6411.440436,-3830.138367,1179.189647
690,-1957501.766,4640171.614,4810153.794,-6389.141451,-3885.238133,1122.523682
700,-2021162.612,4600772.681,4820810.911,-6366.084641,-3939.893284,1065.711725
710,-2084585.336,4560831.709,4830898.515,-6342.272345,-3994.097215,1008.76037
720,-2147762.406,4520353.275,4840415.277,-6317.706991,-4047.84337,951.6762335
730,-2210686.317,4479342.023,4849359.937,-6292.391095,-4101.125238,894.4659542
740,-2273349.589,4437802.66,4857731.299,-6266.327264,-4153.936355,837.1361912
750,-2335744.771,4395739.956,4865528.235,-6239.518193,-4206.270306,779.6936236
760,-2397864.438,4353158.749,4872749.685,-6211.966665,-4258.120727,722.1449501
770,-2459701.193,4310063.936,4879394.654,-6183.675555,-4309.481302,664.4968878
780,-2521247.672,4266460.478,4885462.215,-6154.647821,-4360.345768,606.7561717
790,-2582496.537,4222353.399,4890951.511,-6124.886516,-4410.70791,548.9295542
800,-2643440.485,4177747.784,4895861.749,-6094.394775,-4460.56157,491.023804
810,-2704072.243,4132648.777,4900192.206,-6063.175826,-4509.90064,433.0457056
820,-2764384.573,4087061.587,4903942.226,-6031.232982,-4558.719068,375.0020583
830,-2824370.269,4040991.478,4907111.223,-5998.569644,-4607.010856,316.8996759
840,-2884022.162,3994443.777,4909698.677,-5965.189301,-4654.770062,258.7453855
850,-2943333.117,3947423.869,4911704.137,-5931.095529,-4701.9908,200.5460271
860,-3002296.037,3899937.197,4913127.222,-5896.291991,-4748.667242,142.3084525
870,-3060903.862,3851989.261,4913967.617,-5860.782437,-4794.793617,84.03952478
880,-3119149.569,3803585.619,4914225.078,-5824.570702,-4840.364213,25.74611761
890,-3177026.176,3754731.885,4913899.429,-5787.660709,-4885.373379,-32.56488579
900,-3234526.74,3705433.73,4912990.564,-5750.056465,-4929.815522,-90.88659326
910,-3291644.361,3655696.879,4911498.442,-5711.762065,-4973.685112,-149.2121045
920,-3348372.178,3605527.112,4909423.097,-5672.781687,-5016.976679,-207.5345118
930,-3404703.374,3554930.264,4906764.628,-5633.119596,-5059.684819,-265.846901
940,-3460631.175,3503912.222,4903523.205,-5592.78014,-5101.804186,-324.142352
950,-3516148.853,3452478.927,4899699.065,-5551.767752,-5143.329504,-382.4139399
960,-3571249.722,3400636.371,4895292.518,-5510.086949,-5184.255557,-440.6547354
970,-3625927.146,3348390.599,4890303.94,-5467.742331,-5224.577197,-498.8578061
980,-3680174.531,3295747.706,4884733.778,-5424.738583,-5264.289343,-557.0162166
990,-3733985.336,3242713.836,4878582.548,-5381.080471,-5303.386978,-615.1230302
1000,-3787353.065,3189295.184,4871850.834,-5336.772844,-5341.865157,-673.171309
1010,-3840271.271,3135497.994,4864539.293,-5291.820635,-5379.718999,-731.1541148
1020,-3892733.559,3081328.557,4856648.648,-5246.228855,-5416.943696,-789.0645103
1030,-3944733.585,3026793.212,4848179.693,-5200.0026,-5453.534507,-846.8955598
1040,-3996265.056,2971898.345,4839133.289,-5153.147044,-5489.486765,-904.6403296
1050,-4047321.73,2916650.386,4829510.37,-5105.667444,-5524.795871,-962.2918894
1060,-4097897.422,2861055.813,4819311.937,-5057.569134,-5559.457299,-1019.843313
1070,-4147985.997,2805121.147,4808539.06,-5008.857531,-5593.466597,-1077.287678
1080,-4197581.378,2748852.953,4797192.88,-4959.538128,-5626.819386,-1134.61807
1090,-4246677.543,2692257.84,4785274.604,-4909.616497,-5659.51136,-1191.827579
1100,-4295268.526,2635342.457,4772785.511,-4859.09829,-5691.538289,-1248.909302
1110,-4343348.418,2578113.497,4759726.948,-4807.989234,-5722.896018,-1305.856346
1120,-4390911.37,2520577.692,4746100.329,-4756.295135,-5753.580467,-1362.661827
1130,-4437951.589,2462741.815,4731907.141,-4704.021874,-5783.587635,-1419.318869
1140,-4484463.343,2404612.68,4717148.934,-4651.175409,-5812.913597,-1475.820609
1150,-4530440.96,2346197.134,4701827.333,-4597.761773,-5841.554506,-1532.160194
1160,-4575878.831,2287502.068,4685944.025,-4543.787072,-5869.506595,-1588.330783
1170,-4620771.406,2228534.407,4669500.769,-4489.25749,-5896.766174,-1644.325551
1180,-4665113.199,2169301.11,4652499.392,-4434.179281,-5923.329636,-1700.137686
1190,-4708898.787,2109809.176,4634941.788,-4378.558773,-5949.193452,-1755.760389
1200,-4752122.81,2050065.634,4616829.92,-4322.402368,-5974.354175,-1811.18688
1210,-4794779.976,1990077.55,4598165.816,-4265.716537,-5998.808441,-1866.410395
1220,-4836865.054,1929852.02,4578951.574,-4208.507825,-6022.552966,-1921.424186
1230,-4878372.882,1869396.175,4559189.359,-4150.782845,-6045.584551,-1976.221525
1240,-4919298.365,1808717.174,4538881.402,-4092.54828,-6067.90008,-2030.795705
1250,-4959636.474,1747822.209,4518030.001,-4033.810884,-6089.496521,-2085.140036
1260,-4999382.249,1686718.499,4496637.523,-3974.577477,-6110.370927,-2139.247851
1270,-5038530.798,1625413.295,4474706.398,-3914.854949,-6130.520435,-2193.112507
1280,-5077077.301,1563913.872,4452239.124,-3854.650255,-6149.94227,-2246.72738
1290,-5115017.005,1502227.535,4429238.265,-3793.970417,-6168.63374,-2300.085873
1300,-5152345.23,1440361.612,4405706.451,-3732.822522,-6186.592244,-2353.181413
1310,-5189057.367,1378323.46,4381646.376,-3671.213722,-6203.815265,-2406.007452
1320,-5225148.88,1316120.456,4357060.802,-3609.151235,-6220.300375,-2458.55747
1330,-5260615.303,1253760.004,4331952.552,-3546.642338,-6236.045235,-2510.824971
1340,-5295452.247,1191249.528,4306324.517,-3483.694374,-6251.047594,-2562.803493
1350,-5329655.394,1128596.475,4280179.651,-3420.314745,-6265.305291,-2614.486598
1360,-5363220.503,1065808.312,4253520.972,-3356.510916,-6278.816254,-2665.86788
1370,-5396143.408,1002892.527,4226351.563,-3292.290411,-6291.578501,-2716.940965
1380,-5428420.016,939856.6258,4198674.568,-3227.660812,-6303.590143,-2767.699511
1390,-5460046.313,876708.132,4170493.195,-3162.629761,-6314.84938,-2818.137205
1400,-5491018.363,813454.587,4141810.718,-3097.204956,-6325.354503,-2868.247773
1410,-5521332.304,750103.548,4112630.468,-3031.394152,-6335.103896,-2918.024972
1420,-5550984.356,686662.5876,4082955.842,-2965.205161,-6344.096037,-2967.462596
1430,-5579970.814,623139.2927,4052790.297,-2898.645847,-6352.329494,-3016.554474
1440,-5608288.056,559541.2634,4022137.353,-2831.72413,-6359.80293,-3065.294474
1450,-5635932.536,495876.1124,3991000.588,-2764.447981,-6366.515099,-3113.6765
1460,-5662900.79,432151.4639,3959383.643,-2696.825424,-6372.464853,-3161.694497
1470,-5689189.435,368374.9525,3927290.218,-2628.864535,-6377.651135,-3209.342448
1480,-5714795.169,304554.2227,3894724.074,-2560.573438,-6382.072982,-3256.614379
1490,-5739714.773,240696.9274,3861689.031,-2491.960307,-6385.72953,-3303.504355
1500,-5763945.106,176810.7274,3828188.966,-2423.033364,-6388.620005,-3350.006485
1510,-5787483.115,112903.29,3794227.817,-2353.800877,-6390.743732,-3396.114922
1520,-5810325.827,48982.28874,3759809.578,-2284.271163,-6392.10013,-3441.823861
1530,-5832470.352,-14944.59842,3724938.303,-2214.452581,-6392.688716,-3487.127544
1540,-5853913.888,-78869.68942,3689618.1,-2144.353535,-6392.5091,-3532.020258
1550,-5874653.712,-142785.2993,3653853.137,-2073.982472,-6391.560992,-3576.496337
1560,-5894687.191,-206683.7413,3617647.635,-2003.347881,-6389.844196,-3620.550163
1570,-5914011.774,-270557.3275,3581005.873,-1932.458292,-6387.358615,-3664.176166
1580,-5932624.997,-334398.3699,3543932.185,-1861.322274,-6384.104247,-3707.368826
1590,-5950524.481,-398199.1818,3506430.958,-1789.948436,-6380.081189,-3750.122672
1600,-5967707.936,-461952.0782,3468506.636,-1718.345423,-6375.289634,-3792.432285
1610,-5984173.155,-525649.3769,3430163.713,-1646.521917,-6369.729875,-3834.292297
1620,-5999918.021,-589283.3999,3391406.739,-1574.486636,-6363.402301,-3875.697395
1630,-6014940.504,-652846.4739,3352240.315,-1502.248332,-6356.307399,-3916.642316
1640,-6029238.662,-716330.9314,3312669.097,-1429.81579,-6348.445753,-3957.121853
1650,-6042810.641,-779729.1119,3272697.788,-1357.197826,-6339.818048,-3997.130855
1660,-6055654.673,-843033.3626,3232331.146,-1284.403289,-6330.425065,-4036.664226
1670,-6067769.084,-906236.0394,3191573.977,-1211.441056,-6320.267683,-4075.716927
1680,-6079152.284,-969329.5082,3150431.137,-1138.320032,-6309.34688,-4114.283976
1690,-6089802.776,-1032306.146,3108907.533,-1065.049151,-6297.663734,-4152.360449
1700,-6099719.15,-1095158.34,3067008.118,-991.6373718,-6285.219418,-4189.941483
1710,-6108900.086,-1157878.492,3024737.895,-918.0936787,-6272.015205,-4227.022273
1720,-6117344.357,-1220459.016,2982101.914,-844.4270794,-6258.052467,-4263.598076
1730,-6125050.823,-1282892.343,2939105.272,-770.6466041,-6243.332674,-4299.664208
1740,-6132018.436,-1345170.917,2895753.112,-696.7613045,-6227.857392,-4335.216051
1750,-6138246.239,-1407287.2,2852050.621,-622.780252,-6211.628289,-4370.249046
1760,-6143733.364,-1469233.671,2808003.034,-548.712537,-6194.647128,-4404.7587
1770,-6148479.037,-1531002.829,2763615.628,-474.5672674,-6176.915771,-4438.740583
1780,-6152482.572,-1592587.191,2718893.725,-400.3535673,-6158.436179,-4472.190332
1790,-6155743.378,-1653979.295,2673842.689,-326.080576,-6139.210409,-4505.103647
1800,-6158260.953,-1715171.701,2628467.926,-251.7574463,-6119.240617,-4537.476298
1810,-6160034.886,-1776156.992,2582774.884,-177.3933438,-6098.529055,-4569.304119
1820,-6161064.861,-1836927.772,2536769.054,-102.997445,-6077.078073,-4600.583013
1830,-6161350.65,-1897476.673,2490455.965,-28.57893664,-6054.890119,-4631.308952
1840,-6160892.12,-1957796.351,2443841.185,45.85298616,-6031.967736,-4661.477977
1850,-6159689.229,-2017879.487,2396930.323,120.2891208,-6008.313566,-4691.086198
1860,-6157742.026,-2077718.79,2349729.025,194.7202587,-5983.930344,-4720.129798
1870,-6155050.654,-2137306.999,2302242.975,269.1371864,-5958.820905,-4748.605027
1880,-6151615.348,-2196636.881,2254477.893,343.5306873,-5932.988177,-4776.508211
1890,-6147436.432,-2255701.233,2206439.535,417.8915423,-5906.435184,-4803.835745
1900,-6142514.327,-2314492.883,2158133.694,492.2105318,-5879.165047,-4830.5841
1910,-6136849.542,-2373004.693,2109566.196,566.4784365,-5851.180979,-4856.749819
1920,-6130442.682,-2431229.556,2060742.901,640.6860392,-5822.48629,-4882.329519
1930,-6123294.441,-2489160.4,2011669.702,714.8241257,-5793.084383,-4907.319892
1940,-6115405.606,-2546790.187,1962352.525,788.8834862,-5762.978754,-4931.717705
1950,-6106777.057,-2604111.917,1912797.327,862.8549169,-5732.172995,-4955.519802
1960,-6097409.765,-2661118.625,1863010.096,936.7292211,-5700.670788,-4978.723101
1970,-6087304.792,-2717803.384,1812996.85,1010.497211,-5668.475909,-5001.324601
1980,-6076463.295,-2774159.306,1762763.636,1084.149707,-5635.592225,-5023.321374
1990,-6064886.52,-2830179.543,1712316.53,1157.677543,-5602.023697,-5044.710572
2000,-6052575.804,-2885857.287,1661661.636,1231.071564,-5567.774374,-5065.489426
2010,-6039532.578,-2941185.771,1610805.084,1304.322629,-5532.848397,-5085.655244
2020,-6025758.362,-2996158.271,1559753.03,1377.421613,-5497.249998,-5105.205416
2030,-6011254.768,-3050768.106,1508511.655,1450.359406,-5460.983497,-5124.137408
2040,-5996023.499,-3105008.639,1457087.168,1523.126917,-5424.053304,-5142.44877
2050,-5980066.348,-3158873.278,1405485.796,1595.715074,-5386.463916,-5160.137131
2060,-5963385.2,-3212355.477,1353713.794,1668.114825,-5348.219919,-5177.200199
2070,-5945982.028,-3265448.737,1301777.437,1740.31714,-5309.325986,-5193.635768
2080,-5927858.898,-3318146.606,1249683.02,1812.313014,-5269.786876,-5209.44171
2090,-5909017.963,-3370442.68,1197436.86,1884.093464,-5229.607435,-5224.615981
2100,-5889461.468,-3422330.606,1145045.294,1955.649534,-5188.792594,-5239.156618
2110,-5869191.745,-3473804.08,1092514.676,2026.972296,-5147.347367,-5253.061742
2120,-5848211.217,-3524856.848,1039851.381,2098.052847,-5105.276853,-5266.329558
2130,-5826522.393,-3575482.711,987061.7972,2168.882319,-5062.586235,-5278.958351
2140,-5804127.875,-3625675.519,934152.3322,2239.451872,-5019.280778,-5290.946495
2150,-5781030.348,-3675429.177,881129.4078,2309.752698,-4975.365829,-5302.292443
2160,-5757232.588,-3724737.645,827999.4604,2379.776024,-4930.846814,-5312.994736
2170,-5732737.456,-3773594.937,774768.9405,2449.513112,-4885.729242,-5323.051997
2180,-5707547.904,-3821995.124,721444.3111,2518.95526,-4840.018699,-5332.462936
2190,-5681666.966,-3869932.333,668032.0477,2588.093804,-4793.720852,-5341.226346
2200,-5655097.765,-3917400.747,614538.6366,2656.920119,-4746.841445,-5349.341105
2210,-5627843.508,-3964394.61,560970.5748,2725.425619,-4699.386297,-5356.80618
2220,-5599907.491,-4010908.223,507334.3686,2793.601761,-4651.361307,-5363.620618
2230,-5571293.09,-4056935.948,453636.5331,2861.440043,-4602.772447,-5369.783557
2240,-5542003.77,-4102472.206,399883.5909,2928.93201,-4553.625762,-5375.294218
2250,-5512043.078,-4147511.479,346082.0718,2996.069248,-4503.927374,-5380.151909
2260,-5481414.644,-4192048.314,292238.5116,3062.843393,-4453.683475,-5384.356022
2270,-5450122.183,-4236077.317,238359.4512,3129.246128,-4402.900331,-5387.906038
2280,-5418169.491,-4279593.16,184451.436,3195.269183,-4351.584276,-5390.801523
2290,-5385560.447,-4322590.577,130521.0147,3260.904341,-4299.741717,-5393.042129
2300,-5352299.013,-4365064.369,76574.73873,3326.143434,-4247.379128,-5394.627595
2310,-5318389.23,-4407009.399,22619.16127,3390.978347,-4194.503052,-5395.557746
2320,-5283835.219,-4448420.6,-31339.16367,3455.401021,-4141.120098,-5395.832494
2330,-5248641.185,-4489292.969,-85293.68203,3519.403448,-4087.236942,-5395.451837
2340,-5212811.408,-4529621.573,-139237.8406,3582.977681,-4032.860325,-5394.415859
2350,-5176350.25,-4569401.543,-193165.0879,3646.115824,-3977.997051,-5392.724731
2360,-5139262.149,-4608628.083,-247068.875,3708.810046,-3922.653989,-5390.37871
2370,-5101551.624,-4647296.464,-300942.6564,3771.052571,-3866.838068,-5387.37814
2380,-5063223.267,-4685402.027,-354779.8909,3832.835685,-3810.55628,-5383.723449
2390,-5024281.749,-4722940.183,-408574.0425,3894.151737,-3753.815675,-5379.415155
2400,-4984731.818,-4759906.417,-462318.581,3954.993136,-3696.623363,-5374.453858
2410,-4944578.294,-4796296.282,-516006.9835,4015.352358,-3638.986511,-5368.840245
2420,-4903826.075,-4832105.406,-569632.7344,4075.221942,-3580.912345,-5362.575091
2430,-4862480.13,-4867329.487,-623189.3269,4134.594495,-3522.408142,-5355.659254
2440,-4820545.503,-4901964.299,-676670.2637,4193.462688,-3463.481239,-5348.093677
2450,-4778027.311,-4936005.69,-730069.0576,4251.819264,-3404.139024,-5339.879391
2460,-4734930.74,-4969449.579,-783379.2327,4309.657033,-3344.388935,-5331.01751
2470,-4691261.051,-5002291.964,-836594.3251,4366.968875,-3284.238465,-5321.509233
2480,-4647023.574,-5034528.915,-889707.8835,4423.747742,-3223.695155,-5311.355844
2490,-4602223.707,-5066156.581,-942713.4706,4479.986658,-3162.766597,-5300.558711
2500,-4556866.92,-5097171.185,-995604.6635,4535.678721,-3101.460427,-5289.119285
2510,-4510958.749,-5127569.029,-1048375.054,4590.8171,-3039.784331,-5277.039104
2520,-4464504.799,-5157346.489,-1101018.252,4645.395044,-2977.746039,-5264.319786
2530,-4417510.74,-5186500.022,-1153527.883,4699.405874,-2915.353327,-5250.963033
2540,-4369982.31,-5215026.162,-1205897.589,4752.84299,-2852.614011,-5236.970632
2550,-4321925.311,-5242921.522,-1258121.034,4805.699868,-2789.535952,-5222.34445
2560,-4273345.611,-5270182.792,-1310191.898,4857.970064,-2726.127051,-5207.086438
2570,-4224249.139,-5296806.745,-1362103.884,4909.647213,-2662.395247,-5191.198627
2580,-4174641.888,-5322790.23,-1413850.715,4960.725031,-2598.34852,-5174.683131
2590,-4124529.915,-5348130.179,-1465426.137,5011.197315,-2533.994886,-5157.542145
2600,-4073919.336,-5372823.603,-1516823.916,5061.057943,-2469.342395,-5139.777943
2610,-4022816.327,-5396867.594,-1568037.845,5110.300877,-2404.399136,-5121.392882
2620,-3971227.125,-5420259.327,-1619061.739,5158.920162,-2339.173229,-5102.389396
2630,-3919158.026,-5442996.055,-1669889.439,5206.909928,-2273.672826,-5082.77
2640,-3866615.382,-5465075.116,-1720514.812,5254.264389,-2207.906112,-5062.537287
2650,-3813605.604,-5486493.929,-1770931.751,5300.977847,-2141.881301,-5041.693931
2660,-3760135.157,-5507249.995,-1821134.178,5347.044687,-2075.606634,-5020.24268
2670,-3706210.563,-5527340.899,-1871116.042,5392.459384,-2009.090384,-4998.186362
2680,-3651838.398,-5546764.308,-1920871.321,5437.216501,-1942.340846,-4975.527882
2690,-3597025.291,-5565517.971,-1970394.023,5481.310688,-1875.366343,-4952.270221
2700,-3541777.924,-5583599.723,-2019678.187,5524.736685,-1808.175219,-4928.416436
2710,-3486103.031,-5601007.482,-2068717.884,5567.489324,-1740.775844,-4903.969658
2720,-3430007.396,-5617739.248,-2117507.215,5609.563523,-1673.176608,-4878.933096
2730,-3373497.853,-5633793.107,-2166040.315,5650.954295,-1605.385919,-4853.31003
2740,-3316581.286,-5649167.229,-2214311.353,5691.656742,-1537.412207,-4827.103816
2750,-3259264.625,-5663859.868,-2262314.532,5731.666062,-1469.26392,-4800.317882
2760,-3201554.85,-5677869.363,-2310044.089,5770.97754,-1400.94952,-4772.955729
2770,-3143458.984,-5691194.138,-2357494.299,5809.586561,-1332.477486,-4745.020929
2780,-3084984.098,-5703832.701,-2404659.47,5847.488597,-1263.85631,-4716.517128
2790,-3026137.306,-5715783.646,-2451533.95,5884.679221,-1195.094499,-4687.448039
2800,-2966925.765,-5727045.652,-2498112.125,5921.154095,-1126.20057,-4657.817447
2810,-2907356.675,-5737617.483,-2544388.417,5956.90898,-1057.18305,-4627.629206
2820,-2847437.278,-5747497.987,-2590357.289,5991.939731,-988.0504767,-4596.887241
2830,-2787174.855,-5756686.101,-2636013.245,6026.242299,-918.8113947,-4565.595541
2840,-2726576.727,-5765180.845,-2681350.826,6059.812733,-849.4743559,-4533.758165
2850,-2665650.256,-5772981.324,-2726364.619,6092.647178,-780.0479178,-4501.379238
2860,-2604402.837,-5780086.731,-2771049.248,6124.741875,-710.5406424,-4468.462952
2870,-2542841.905,-5786496.341,-2815399.384,6156.093164,-640.9610947,-4435.013564
2880,-2480974.93,-5792209.52,-2859409.738,6186.697484,-571.3178418,-4401.035393
2890,-2418809.417,-5797225.714,-2903075.066,6216.551369,-501.6194517,-4366.532827
2900,-2356352.902,-5801544.459,-2946390.169,6245.651455,-431.874492,-4331.510312
2910,-2293612.957,-5805165.375,-2989349.893,6273.994474,-362.0915287,-4295.97236
2920,-2230597.185,-5808088.166,-3031949.128,6301.57726,-292.2791254,-4259.923544
2930,-2167313.217,-5810312.624,-3074182.813,6328.396744,-222.4458414,-4223.368496
2940,-2103768.718,-5811838.627,-3116045.932,6354.449957,-152.6002313,-4186.311911
2950,-2039971.377,-5812666.135,-3157533.518,6379.734031,-82.75084332,-4148.758543
2960,-1975928.915,-5812795.197,-3198640.65,6404.246197,-12.9062184,-4110.713202
2970,-1911649.078,-5812225.946,-3239362.457,6427.983786,56.92511101,-4072.180758
2980,-1847139.635,-5810958.6,-3279694.119,6450.944229,126.7346221,-4033.16614
2990,-1782408.385,-5808993.462,-3319630.862,6473.12506,196.5138029,-3993.67433
3000,-1717463.146,-5806330.92,-3359167.966,6494.523911,266.2541533,-3953.710367
3010,-1652311.76,-5802971.448,-3398300.759,6515.138516,335.9471861,-3913.279346
3020,-1586962.093,-5798915.604,-3437024.623,6534.966708,405.5844283,-3872.386413
3030,-1521422.029,-5794164.03,-3475334.991,6554.006424,475.1574224,-3831.036771
3040,-1455699.472,-5788717.453,-3513227.348,6572.255699,544.6577269,-3789.235672
3050,-1389802.345,-5782576.683,-3550697.232,6589.712671,614.0769178,-3746.988422
3060,-1323738.59,-5775742.618,-3587740.236,6606.375579,683.4065897,-3704.300375
3070,-1257516.162,-5768216.234,-3624352.005,6622.242761,752.638357,-3661.176939
3080,-1191143.035,-5759998.595,-3660528.241,6637.312659,821.7638543,-3617.623568
3090,-1124627.197,-5751090.848,-3696264.698,6651.583814,890.7747384,-3573.645764
3100,-1057976.649,-5741494.221,-3731557.189,6665.05487,959.6626885,-3529.249078
3110,-991199.4029,-5731210.027,-3766401.58,6677.724569,1028.419408,-3484.439108
3120,-924303.4853,-5720239.661,-3800793.795,6689.591756,1097.036625,-3439.221497
3130,-857296.9316,-5708584.6,-3834729.814,6700.655378,1165.506093,-3393.601932
3140,-790187.7868,-5696246.404,-3868205.676,6710.914481,1233.819594,-3347.586145
3150,-722984.1046,-5683226.715,-3901217.475,6720.368211,1301.968935,-3301.179912
3160,-655693.9465,-5669527.255,-3933761.365,6729.015817,1369.945956,-3254.389049
3170,-588325.38,-5655149.83,-3965833.56,6736.856647,1437.742523,-3207.219417
3180,-520886.4785,-5640096.325,-3997430.329,6743.890149,1505.350536,-3159.676915
3190,-453385.3198,-5624368.705,-4028548.004,6750.115873,1572.761924,-3111.767483
3200,-385829.9851,-5607969.019,-4059182.975,6755.533466,1639.968651,-3063.4971
3210,-318228.5583,-5590899.392,-4089331.692,6760.142678,1706.962714,-3014.871782
3220,-250589.1248,-5573162.03,-4118990.668,6763.943357,1773.736145,-2965.897583
3230,-182919.7703,-5554759.22,-4148156.474,6766.93545,1840.281012,-2916.580594
3240,-115228.5802,-5535693.326,-4176825.744,6769.119005,1906.589419,-2866.926942
3250,-47523.63857,-5515966.791,-4204995.172,6770.494166,1972.653506,-2816.942785
3260,20186.97322,-5495582.136,-4232661.515,6771.061178,2038.465456,-2766.634321
3270,87895.17707,-5474541.961,-4259821.592,6770.820386,2104.017487,-2716.007775
3280,155592.8994,-5452848.943,-4286472.287,6769.772228,2169.301858,-2665.069407
3290,223272.0718,-5430505.834,-4312610.542,6767.917245,2234.310871,-2613.825509
3300,290924.6325,-5407515.465,-4338233.366,6765.256074,2299.036868,-2562.282401
3310,358542.527,-5383880.743,-4363337.83,6761.789448,2363.472236,-2510.446435
3320,426117.709,-5359604.649,-4387921.07,6757.518197,2427.609402,-2458.323989
3330,493642.1415,-5334690.241,-4411980.285,6752.443251,2491.440842,-2405.921472
3340,561107.7978,-5309140.65,-4435512.738,6746.565632,2554.959074,-2353.245317
3350,628506.6624,-5282959.083,-4458515.758,6739.886461,2618.156663,-2300.301984
3360,695830.732,-5256148.821,-4480986.737,6732.406952,2681.026222,-2247.097959
3370,763072.0161,-5228713.217,-4502923.135,6724.128418,2743.560411,-2193.639752
3380,830222.5388,-5200655.698,-4524322.474,6715.052262,2805.751938,-2139.933896
3390,897274.3386,-5171979.762,-4545182.343,6705.179986,2867.593562,-2085.986948
3400,964219.4704,-5142688.981,-4565500.398,6694.513183,2929.07809,-2031.805484
3410,1031050.006,-5112786.997,-4585274.359,6683.053541,2990.19838,-1977.396103
3420,1097758.034,-5082277.524,-4604502.013,6670.802841,3050.947345,-1922.765425
3430,1164335.664,-5051164.344,-4623181.214,6657.762956,3111.317945,-1867.920088
3440,1230775.022,-5019451.312,-4641309.882,6643.935854,3171.303198,-1812.866748
3450,1297068.258,-4987142.351,-4658886.002,6629.32359,3230.896173,-1757.612079
3460,1363207.541,-4954241.451,-4675907.63,6613.928316,3290.089993,-1702.162771
3470,1429185.064,-4920752.672,-4692372.885,6597.75227,3348.877838,-1646.525532
3480,1494993.042,-4886680.143,-4708279.956,6580.797785,3407.252944,-1590.707083
3490,1560623.715,-4852028.057,-4723627.098,6563.06728,3465.208601,-1534.71416
3500,1626069.347,-4816800.675,-4738412.633,6544.563267,3522.738159,-1478.553513
3510,1691322.231,-4781002.325,-4752634.952,6525.288344,3579.835025,-1422.231902
3520,1756374.683,-4744637.398,-4766292.513,6505.245199,3636.492662,-1365.756102
3530,1821219.049,-4707710.352,-4779383.842,6484.436608,3692.704597,-1309.132896
3540,1885847.703,-4670225.708,-4791907.533,6462.865434,3748.464413,-1252.36908
3550,1950253.05,-4632188.051,-4803862.247,6440.534628,3803.765753,-1195.471457
3560,2014427.522,-4593602.027,-4815246.716,6417.447225,3858.602325,-1138.446839
3570,2078363.585,-4554472.349,-4826059.736,6393.606349,3912.967894,-1081.302046
3580,2142053.737,-4514803.786,-4836300.175,6369.015206,3966.85629,-1024.043904
3590,2205490.508,-4474601.172,-4845966.968,6343.677089,4020.261404,-966.6792457
3600,2268666.462,-4433869.4,-4855059.117,6317.595375,4073.177192,-909.2149092
3610,2331574.197,-4392613.423,-4863575.694,6290.773524,4125.597673,-851.6577364
3620,2394206.348,-4350838.254,-4871515.84,6263.215078,4177.51693,-794.014573
3630,2456555.585,-4308548.963,-4878878.763,6234.923663,4228.929111,-736.2922675
3640,2518614.615,-4265750.678,-4885663.739,6205.902986,4279.82843,-678.4976705
3650,2580376.183,-4222448.587,-4891870.116,6176.156836,4330.209167,-620.6376337
3660,2641833.074,-4178647.93,-4897497.306,6145.689081,4380.065668,-562.7190092
3670,2702978.11,-4134354.006,-4902544.792,6114.503672,4429.392345,-504.748649
3680,2763804.157,-4089572.17,-4907012.126,6082.604635,4478.18368,-446.7334037
3690,2824304.118,-4044307.827,-4910898.927,6049.996078,4526.434222,-388.6801222
3700,2884470.939,-3998566.442,-4914204.884,6016.682186,4574.138586,-330.5956508
3710,2944297.612,-3952353.527,-4916929.752,5982.667223,4621.291459,-272.4868321
3720,3003777.167,-3905674.651,-4919073.357,5947.955527,4667.887596,-214.3605048
3730,3062902.682,-3858535.433,-4920635.592,5912.551514,4713.921821,-156.2235024
3740,3121667.279,-3810941.542,-4921616.419,5876.459676,4759.38903,-98.08265306
3750,3180064.125,-3762898.701,-4922015.867,5839.684578,4804.284189,-39.94477816
3760,3238086.433,-3714412.677,-4921834.034,5802.230861,4848.602334,18.18330795
3770,3295727.466,-3665489.292,-4921071.086,5764.103239,4892.338573,76.29479889
3780,3352980.531,-3616134.411,-4919727.257,5725.306498,4935.488087,134.3828969
3790,3409838.986,-3566353.949,-4917802.849,5685.845499,4978.046126,192.4408138
3800,3466296.237,-3516153.869,-4915298.231,5645.725171,5020.008017,250.4617713
3810,3522345.742,-3465540.178,-4912213.841,5604.950516,5061.369156,308.439002
3820,3577981.008,-3414518.927,-4908550.183,5563.526605,5102.125015,366.3657504
3830,3633195.594,-3363096.216,-4904307.831,5521.458579,5142.271139,424.2352728
3840,3687983.111,-3311278.185,-4899487.422,5478.75165,5181.803146,482.040839
3850,3742337.222,-3259071.017,-4894089.665,5435.411093,5220.71673,539.7757322
3860,3796251.644,-3206480.941,-4888115.332,5391.442256,5259.007657,597.4332501
3870,3849720.15,-3153514.223,-4881565.265,5346.85055,5296.671772,655.0067056
3880,3902736.564,-3100177.173,-4874440.371,5301.641453,5333.704991,712.4894275
3890,3955294.769,-3046476.14,-4866741.623,5255.820508,5370.103309,769.8747608
3900,4007388.703,-2992417.512,-4858470.063,5209.393323,5405.862796,827.1560681
3910,4059012.358,-2938007.716,-4849626.795,5162.365571,5440.979597,884.3267296
3920,4110159.788,-2883253.217,-4840212.994,5114.742985,5475.449934,941.3801443
3930,4160825.102,-2828160.516,-4830229.897,5066.531363,5509.270106,998.3097303
3940,4211002.467,-2772736.151,-4819678.807,5017.736564,5542.43649,1055.108926
3950,4260686.112,-2716986.695,-4808561.096,4968.364508,5574.945539,1111.771189
3960,4309870.324,-2660918.758,-4796878.196,4918.421174,5606.793784,1168.290001
3970,4358549.45,-2604538.979,-4784631.607,4867.912603,5637.977832,1224.658862
3980,4406717.899,-2547854.036,-4771822.894,4816.844891,5668.494372,1280.871298
3990,4454370.141,-2490870.634,-4758453.685,4765.224196,5698.340166,1336.920856
4000,4501500.708,-2433595.513,-4744525.674,4713.056729,5727.512059,1392.801107
4010,4548104.196,-2376035.444,-4730040.618,4660.348762,5756.006973,1448.505648
4020,4594175.262,-2318197.224,-4715000.337,4607.10662,5783.821907,1504.028099
4030,4639708.629,-2260087.685,-4699406.716,4553.336682,5810.953941,1559.362108
4040,4684699.083,-2201713.683,-4683261.702,4499.045384,5837.400234,1614.501349
4050,4729141.475,-2143082.103,-4666567.307,4444.239213,5863.158024,1669.439521
4060,4773030.722,-2084199.856,-4649325.604,4388.92471,5888.224629,1724.170353
4070,4816361.807,-2025073.882,-4631538.728,4333.108468,5912.597446,1778.687602
4080,4859129.778,-1965711.142,-4613208.877,4276.797131,5936.273952,1832.985052
4090,4901329.752,-1906118.625,-4594338.312,4219.997392,5959.251704,1887.056518
4100,4942956.912,-1846303.342,-4574929.353,4162.715995,5981.52834,1940.895846
4110,4984006.509,-1786272.326,-4554984.384,4104.959732,6003.101577,1994.496911
4120,5024473.864,-1726032.634,-4534505.848,4046.735445,6023.969213,2047.85362
4130,5064354.364,-1665591.343,-4513496.249,3988.050021,6044.129126,2100.959912
4140,5103643.468,-1604955.55,-4491958.151,3928.910394,6063.579276,2153.809759
4150,5142336.703,-1544132.373,-4469894.18,3869.323544,6082.317701,2206.397164
4160,5180429.668,-1483128.948,-4447307.018,3809.296497,6100.342524,2258.716167
4170,5217918.032,-1421952.428,-4424199.41,3748.83632,6117.651945,2310.760838
4180,5254797.533,-1360609.986,-4400574.157,3687.950127,6134.244247,2362.525287
4190,5291063.983,-1299108.808,-4376434.12,3626.645072,6150.117793,2414.003654
4200,5326713.267,-1237456.098,-4351782.219,3564.928352,6165.271028,2465.19012
4210,5361741.339,-1175659.073,-4326621.43,3502.807204,6179.702477,2516.078898
4220,5396144.228,-1113724.965,-4300954.788,3440.288907,6193.410748,2566.66424
4230,5429918.036,-1051661.02,-4274785.383,3377.380777,6206.394529,2616.940437
4240,5463058.938,-989474.4941,-4248116.365,3314.09017,6218.65259,2666.901816
4250,5495563.182,-927172.6563,-4220950.938,3250.42448,6230.183781,2716.542743
4260,5527427.094,-864762.7859,-4193292.361,3186.391136,6240.987035,2765.857624
4270,5558647.07,-802252.1723,-4165143.952,3121.997606,6251.061365,2814.840905
4280,5589219.584,-739648.1136,-4136509.082,3057.251391,6260.405868,2863.487071
4290,5619141.184,-676957.9164,-4107391.175,2992.160028,6269.019719,2911.790649
4300,5648408.495,-614188.8946,-4077793.713,2926.731086,6276.902176,2959.746206
4310,5677018.217,-551348.3688,-4047720.23,2860.972169,6284.052579,3007.348353
4320,5704967.126,-488443.6654,-4017174.312,2794.890912,6290.470348,3054.591741
4330,5732252.075,-425482.1155,-3986159.602,2728.494982,6296.154986,3101.471064
4340,5758869.996,-362471.0547,-3954679.791,2661.792074,6301.106076,3147.981062
4350,5784817.895,-299417.8219,-3922738.626,2594.789917,6305.323282,3194.116517
4360,5810092.858,-236329.7584,-3890339.903,2527.496264,6308.806351,3239.872254
4370,5834692.047,-173214.2073,-3857487.472,2459.9189,6311.555109,3285.243145
4380,5858612.703,-110078.5127,-3824185.231,2392.065635,6313.569466,3330.224107
4390,5881852.146,-46930.01857,-3790437.13,2323.944306,6314.84941,3374.810101
4400,5904407.774,16223.93154,-3756247.168,2255.562776,6315.395011,3418.996137
4410,5926277.064,79375.99575,-3721619.396,2186.928931,6315.206421,3462.77727
4420,5947457.57,142518.8345,-3686557.91,2118.050683,6314.283872,3506.148603
4430,5967946.93,205645.1113,-3651066.857,2048.935966,6312.627677,3549.105285
4440,5987742.857,268747.4935,-3615150.432,1979.592737,6310.23823,3591.642515
4450,6006843.147,331818.6536,-3578812.876,1910.028973,6307.116004,3633.75554
4460,6025245.674,394851.2691,-3542058.48,1840.252672,6303.261554,3675.439656
4470,6042948.392,457838.0243,-3504891.578,1770.271854,6298.675514,3716.690208
4480,6059949.338,520771.6103,-3467316.552,1700.094555,6293.3586,3757.502592
4490,6076246.626,583644.7263,-3429337.829,1629.728829,6287.311607,3797.872254
4500,6091838.454,646450.0804,-3390959.882,1559.182751,6280.53541,3837.79469
4510,6106723.098,709180.3901,-3352187.228,1488.464408,6273.030963,3877.265447
4520,6120898.917,771828.3831,-3313024.426,1417.581905,6264.799301,3916.280125
4530,6134364.35,834386.7984,-3273476.083,1346.543362,6255.841537,3954.834375
4540,6147117.92,896848.3871,-3233546.844,1275.35691,6246.158866,3992.9239
4550,6159158.227,959205.9127,-3193241.399,1204.030698,6235.752558,4030.544458
4560,6170483.955,1021452.152,-3152564.481,1132.572882,6224.623966,4067.691859
4570,6181093.872,1083579.898,-3111520.861,1060.991634,6212.77452,4104.361965
4580,6190986.823,1145581.955,-3070115.354,989.2951329,6200.205727,4140.550694
4590,6200161.739,1207451.147,-3028352.814,917.4915696,6186.919175,4176.254018
4600,6208617.63,1269180.312,-2986238.134,845.589143,6172.91653,4211.467963
4610,6216353.591,1330762.307,-2943776.248,773.5960603,6158.199533,4246.188612
4620,6223368.796,1392190.007,-2900972.127,701.5205358,6142.770007,4280.412102
4630,6229662.504,1453456.306,-2857830.781,629.3707903,6126.629849,4314.134626
4640,6235234.055,1514554.116,-2814357.256,557.1550501,6109.781035,4347.352434
4650,6240082.87,1575476.372,-2770556.638,484.8815461,6092.225619,4380.061832
4660,6244208.455,1636216.03,-2726434.046,412.5585131,6073.965728,4412.259183
4670,6247610.397,1696766.065,-2681994.637,340.1941891,6055.00357,4443.940907
4680,6250288.365,1757119.48,-2637243.602,267.796814,6035.341427,4475.103484
4690,6252242.111,1817269.296,-2592186.168,195.3746292,6014.981657,4505.743448
4700,6253471.47,1877208.563,-2546827.594,122.9358765,5993.926695,4535.857394
4710,6253976.358,1936930.354,-2501173.174,50.48879752,5972.17905,4565.441976
4720,6253756.775,1996427.767,-2455228.235,-21.95836743,5949.741308,4594.493906
4730,6252812.801,2055693.928,-2408998.136,-94.39738001,5926.616127,4623.009955
4740,6251144.601,2114721.99,-2362488.266,-166.8200048,5902.806242,4650.986953
4750,6248752.421,2173505.135,-2315704.048,-239.2180099,5878.314463,4678.421793
4760,6245636.589,2232036.572,-2268650.934,-311.5831682,5853.143672,4705.311424
4770,6241797.516,2290309.54,-2221334.405,-383.9072578,5827.296825,4731.652859
4780,6237235.696,2348317.309,-2173759.974,-456.182063,5800.776952,4757.443169
4790,6231951.702,2406053.181,-2125933.179,-528.3993752,5773.587156,4782.679489
4800,6225946.192,2463510.487,-2077859.589,-600.5509936,5745.730613,4807.359013
4810,6219219.905,2520682.593,-2029544.799,-672.6287262,5717.210571,4831.478997
4820,6211773.661,2577562.896,-1980994.431,-744.6243906,5688.030349,4855.03676
4830,6203608.363,2634144.83,-1932214.134,-816.5298146,5658.193339,4878.029681
4840,6194724.994,2690421.86,-1883209.582,-888.3368373,5627.703004,4900.455204
4850,6185124.621,2746387.489,-1833986.474,-960.0373099,5596.562877,4922.310834
4860,6174808.39,2802035.254,-1784550.532,-1031.623096,5564.776564,4943.59414
4870,6163777.529,2857358.732,-1734907.505,-1103.086075,5532.347739,4964.302752
4880,6152033.348,2912351.533,-1685063.161,-1174.418137,5499.280145,4984.434366
4890,6139577.236,2967007.309,-1635023.294,-1245.61119,5465.577597,5003.986739
4900,6126410.665,3021319.749,-1584793.717,-1316.657159,5431.243978,5022.957694
4910,6112535.185,3075282.581,-1534380.266,-1387.547984,5396.283238,5041.345118
4920,6097952.429,3128889.575,-1483788.796,-1458.275623,5360.699397,5059.14696
4930,6082664.108,3182134.541,-1433025.184,-1528.832055,5324.496543,5076.361234
4940,6066672.015,3235011.329,-1382095.324,-1599.209275,5287.67883,5092.986022
4950,6049978.022,3287513.834,-1331005.129,-1669.399301,5250.250479,5109.019466
4960,6032584.081,3339635.991,-1279760.531,-1739.39417,5212.215778,5124.459777
4970,6014492.221,3391371.782,-1228367.479,-1809.185944,5173.579082,5139.305228
4980,5995704.554,3442715.23,-1176831.937,-1878.766704,5134.344809,5153.554159
4990,5976223.269,3493660.405,-1125159.888,-1948.128558,5094.517445,5167.204976
5000,5956050.632,3544201.42,-1073357.326,-2017.263635,5054.101539,5180.256149
5010,5935188.991,3594332.437,-1021430.264,-2086.164091,5013.101703,5192.706216
5020,5913640.77,3644047.663,-969384.7261,-2154.822109,4971.522616,5204.553779
5030,5891408.471,3693341.354,-917226.751,-2223.229896,4929.369018,5215.797507
5040,5868494.674,3742207.811,-864962.3896,-2291.379689,4886.645711,5226.436136
5050,5844902.037,3790641.386,-812597.705,-2359.263753,4843.357562,5236.468466
5060,5820633.293,3838636.481,-760138.7713,-2426.87438,4799.509498,5245.893367
5070,5795691.254,3886187.546,-707591.6736,-2494.203895,4755.106506,5254.709772
5080,5770078.807,3933289.083,-654962.5067,-2561.244652,4710.153636,5262.916685
5090,5743798.917,3979935.643,-602257.375,-2627.989036,4664.655998,5270.513172
5100,5716854.622,4026121.83,-549482.3913,-2694.429466,4618.61876,5277.49837
5110,5689249.039,4071842.302,-496643.6765,-2760.558393,4572.047152,5283.871481
5120,5660985.356,4117091.766,-443747.3588,-2826.368302,4524.946459,5289.631774
5130,5632066.838,4161864.987,-390799.5729,-2891.851713,4477.322027,5294.778587
5140,5602496.827,4206156.779,-337806.4597,-2957.001181,4429.179259,5299.311324
5150,5572278.734,4249962.015,-284774.1651,-3021.809297,4380.523614,5303.229456
5160,5541416.047,4293275.621,-231708.8399,-3086.26869,4331.360608,5306.532522
5170,5509912.326,4336092.58,-178616.6386,-3150.372025,4281.695814,5309.220129
5180,5477771.206,4378407.928,-125503.7191,-3214.112008,4231.534859,5311.291952
5190,5444996.393,4420216.762,-72376.24177,-3277.481381,4180.883424,5312.747731
5200,5411591.663,4461514.235,-19240.36901,-3340.47293,4129.747248,5313.587276
5210,5377560.868,4502295.556,33897.73563,-3403.079478,4078.132118,5313.810464
5220,5342907.93,4542555.995,87031.90804,-3465.293891,4026.043879,5313.417241
5230,5307636.839,4582290.879,140155.9842,-3527.109078,3973.488426,5312.407617
5240,5271751.659,4621495.596,193263.8009,-3588.51799,3920.471706,5310.781674
5250,5235256.523,4660165.593,246349.1965,-3649.513622,3866.999717,5308.53956
5260,5198155.633,4698296.378,299406.0114,-3710.089013,3813.078509,5305.681489
5270,5160453.26,4735883.52,352428.0889,-3770.237248,3758.714182,5302.207746
5280,5122153.746,4772922.649,405409.2757,-3829.951458,3703.912882,5298.118682
5290,5083261.497,4809409.457,458343.4229,-3889.22482,3648.680809,5293.414715
5300,5043780.992,4845339.699,511224.3862,-3948.050558,3593.024207,5288.096332
5310,5003716.772,4880709.193,564046.027,-4006.421945,3536.94937,5282.164087
5320,4963073.449,4915513.819,616802.2131,-4064.332303,3480.462637,5275.618602
5330,4921855.699,4949749.523,669486.8187,-4121.775001,3423.570394,5268.460566
5340,4880068.265,4983412.314,722093.7261,-4178.743462,3366.279074,5260.690736
5350,4837715.953,5016498.266,774616.8254,-4235.231157,3308.595153,5252.309936
5360,4794803.637,5049003.517,827050.016,-4291.231609,3250.525151,5243.319058
5370,4751336.253,5080924.273,879387.2066,-4346.738395,3192.075635,5233.719061
5380,4707318.802,5112256.805,931622.3163,-4401.745142,3133.25321,5223.510971
5390,4662756.346,5142997.451,983749.2752,-4456.245534,3074.064527,5212.695882
5400,4617654.013,5173142.614,1035762.025,-4510.233306,3014.516278,5201.274954
5410,4572016.991,5202688.765,1087654.519,-4563.702251,2954.615195,5189.249415
5420,4525850.529,5231632.446,1139420.724,-4616.646215,2894.368051,5176.620558
5430,4479159.938,5259970.263,1191054.622,-4669.059102,2833.781658,5163.389746
5440,4431950.589,5287698.891,1242550.206,-4720.934872,2772.862866,5149.558405
5450,4384227.913,5314815.077,1293901.486,-4772.267544,2711.618567,5135.128031
5460,4335997.401,5341315.634,1345102.488,-4823.051193,2650.055685,5120.100184
5470,4287264.602,5367197.446,1396147.253,-4873.279954,2588.181186,5104.47649
5480,4238035.122,5392457.466,1447029.839,-4922.948022,2526.002069,5088.258644
5490,4188314.625,5417092.72,1497744.323,-4972.049652,2463.525369,5071.448404
5500,4138108.834,5441100.302,1548284.799,-5020.579159,2400.758155,5054.047595
5510,4087423.524,5464477.377,1598645.38,-5068.530919,2337.707532,5036.058107
5520,4036264.531,5487221.183,1648820.199,-5115.899373,2274.380637,5017.481898
5530,3984637.74,5509329.03,1698803.409,-5162.67902,2210.784639,4998.320989
5540,3932549.096,5530798.297,1748589.184,-5208.864426,2146.926739,4978.577465
5550,3880004.594,5551626.439,1798171.719,-5254.45022,2082.814169,4958.253479
5560,3827010.283,5571810.981,1847545.231,-5299.431093,2018.454192,4937.351248
5570,3773572.265,5591349.522,1896703.962,-5343.801803,1953.854101,4915.873051
5580,3719696.693,5610239.734,1945642.174,-5387.557175,1889.021217,4893.821236
5590,3665389.772,5628479.363,1994354.156,-5430.692097,1823.962887,4871.198211
5600,3610657.757,5646066.228,2042834.221,-5473.201525,1758.68649,4848.006449
5610,3555506.952,5662998.222,2091076.706,-5515.080483,1693.199427,4824.248489
5620,3499943.712,5679273.313,2139075.975,-5556.324062,1627.509128,4799.926931
5630,3443974.437,5694889.544,2186826.419,-5596.927422,1561.623047,4775.044439
5640,3387605.579,5709845.03,2234322.457,-5636.88579,1495.548661,4749.603741
5650,3330843.635,5724137.965,2281558.533,-5676.194466,1429.293473,4723.607625
5660,3273695.147,5737766.615,2328529.122,-5714.848816,1362.865007,4697.058946
5670,3216166.704,5750729.323,2375228.729,-5752.844279,1296.27081,4669.960618
5680,3158264.94,5763024.508,2421651.885,-5790.176365,1229.518449,4642.315617
5690,3099996.534,5774650.663,2467793.155,-5826.840654,1162.615513,4614.126982
5700,3041368.206,5785606.359,2513647.133,-5862.832799,1095.56961,4585.397813
5710,2982386.72,5795890.242,2559208.445,-5898.148527,1028.388366,4556.131272
5720,2923058.884,5805501.037,2604471.751,-5932.783635,961.079427,4526.33058
5730,2863391.544,5814437.541,2649431.741,-5966.733996,893.6504548,4495.999022
5740,2803391.589,5822698.633,2694083.141,-5999.995556,826.1091284,4465.139938
5750,2743065.945,5830283.264,2738420.708,-6032.564336,758.4631426,4433.756734
5760,2682421.581,5837190.466,2782439.237,-6064.43643,690.720207,4401.852872
5770,2621465.501,5843419.347,2826133.556,-6095.608011,622.8880454,4369.431873
5780,2560204.748,5848969.09,2869498.529,-6126.075325,554.974395,4336.49732
5790,2498646.401,5853838.961,2912529.057,-6155.834695,486.9870058,4303.052851
5800,2436797.575,5858028.297,2955220.079,-6184.882522,418.9336393,4269.102167
5810,2374665.423,5861536.518,2997566.569,-6213.215282,350.8220681,4234.649023
5820,2312257.127,5864363.118,3039563.542,-6240.829531,282.660075,4199.697233
